source_type,model,week,cumulative_activation,source
PC NB,H7407BA,W2601,0,seed
PC NB,H7407BA,W2602,0,seed
PC NB,H7407BA,W2603,0,seed
PC NB,H7407BA,W2604,0,seed
PC NB,H7407BA,W2605,0,seed
PC NB,H7407BA,W2606,0,seed
PC NB,H7407BA,W2607,0,seed
PC NB,H7407BA,W2608,0,seed
PC NB,H7407BA,W2609,0,seed
PC NB,H7407BA,W2610,0,seed
PC NB,H7407BA,W2611,0,seed
PC NB,H7407BA,W2612,0,seed
PC NB,H7407BA,W2613,0,seed
PC NB,H7407BA,W2614,0,seed
PC NB,H7407BA,W2615,0,seed
PC NB,H7407BA,W2616,0,seed
PC NB,H7407BA,W2617,0,seed
PC NB,H7407BA,W2618,0,seed
PC NB,H7407BA,W2619,0,seed
PC NB,H7407BA,W2620,0,seed
PC NB,H7407BA,W2621,0,seed
PC NB,H7407BA,W2622,0,seed
PC NB,H7407BA,W2623,0,seed
PC NB,H7407BA,W2624,0,seed
PC NB,H7407BA,W2625,0,seed
PC NB,H7407BA,W2626,0,seed
PC NB,H7407IA,W2601,0,seed
PC NB,H7407IA,W2602,0,seed
PC NB,H7407IA,W2603,0,seed
PC NB,H7407IA,W2604,0,seed
PC NB,H7407IA,W2605,0,seed
PC NB,H7407IA,W2606,0,seed
PC NB,H7407IA,W2607,0,seed
PC NB,H7407IA,W2608,0,seed
PC NB,H7407IA,W2609,0,seed
PC NB,H7407IA,W2610,0,seed
PC NB,H7407IA,W2611,0,seed
PC NB,H7407IA,W2612,0,seed
PC NB,H7407IA,W2613,0,seed
PC NB,H7407IA,W2614,0,seed
PC NB,H7407IA,W2615,0,seed
PC NB,H7407IA,W2616,0,seed
PC NB,H7407IA,W2617,0,seed
PC NB,H7407IA,W2618,0,seed
PC NB,H7407IA,W2619,0,seed
PC NB,H7407IA,W2620,0,seed
PC NB,H7407IA,W2621,0,seed
PC NB,H7407IA,W2622,0,seed
PC NB,H7407IA,W2623,0,seed
PC NB,H7407IA,W2624,0,seed
PC NB,H7407IA,W2625,0,seed
PC NB,H7407IA,W2626,0,seed
PC NB,H7607BA,W2601,0,seed
PC NB,H7607BA,W2602,0,seed
PC NB,H7607BA,W2603,0,seed
PC NB,H7607BA,W2604,0,seed
PC NB,H7607BA,W2605,0,seed
PC NB,H7607BA,W2606,0,seed
PC NB,H7607BA,W2607,0,seed
PC NB,H7607BA,W2608,0,seed
PC NB,H7607BA,W2609,0,seed
PC NB,H7607BA,W2610,0,seed
PC NB,H7607BA,W2611,0,seed
PC NB,H7607BA,W2612,0,seed
PC NB,H7607BA,W2613,0,seed
PC NB,H7607BA,W2614,0,seed
PC NB,H7607BA,W2615,0,seed
PC NB,H7607BA,W2616,0,seed
PC NB,H7607BA,W2617,0,seed
PC NB,H7607BA,W2618,0,seed
PC NB,H7607BA,W2619,0,seed
PC NB,H7607BA,W2620,0,seed
PC NB,H7607BA,W2621,0,seed
PC NB,H7607BA,W2622,0,seed
PC NB,H7607BA,W2623,0,seed
PC NB,H7607BA,W2624,0,seed
PC NB,H7607BA,W2625,0,seed
PC NB,H7607BA,W2626,0,seed
PC NB,H7607IA,W2601,0,seed
PC NB,H7607IA,W2602,0,seed
PC NB,H7607IA,W2603,0,seed
PC NB,H7607IA,W2604,0,seed
PC NB,H7607IA,W2605,0,seed
PC NB,H7607IA,W2606,0,seed
PC NB,H7607IA,W2607,0,seed
PC NB,H7607IA,W2608,0,seed
PC NB,H7607IA,W2609,0,seed
PC NB,H7607IA,W2610,0,seed
PC NB,H7607IA,W2611,0,seed
PC NB,H7607IA,W2612,0,seed
PC NB,H7607IA,W2613,0,seed
PC NB,H7607IA,W2614,0,seed
PC NB,H7607IA,W2615,0,seed
PC NB,H7607IA,W2616,0,seed
PC NB,H7607IA,W2617,0,seed
PC NB,H7607IA,W2618,0,seed
PC NB,H7607IA,W2619,0,seed
PC NB,H7607IA,W2620,0,seed
PC NB,H7607IA,W2621,0,seed
PC NB,H7607IA,W2622,0,seed
PC NB,H7607IA,W2623,0,seed
PC NB,H7607IA,W2624,0,seed
PC NB,H7607IA,W2625,0,seed
PC NB,H7607IA,W2626,0,seed
PC NB,HN7306EA,W2601,0,seed
PC NB,HN7306EA,W2602,0,seed
PC NB,HN7306EA,W2603,0,seed
PC NB,HN7306EA,W2604,0,seed
PC NB,HN7306EA,W2605,0,seed
PC NB,HN7306EA,W2606,250,seed
PC NB,HN7306EA,W2607,439,seed
PC NB,HN7306EA,W2608,525,seed
PC NB,HN7306EA,W2609,750,seed
PC NB,HN7306EA,W2610,1072,seed
PC NB,HN7306EA,W2611,1347,seed
PC NB,HN7306EA,W2612,820,seed
PC NB,HN7306EA,W2613,1895,seed
PC NB,HN7306EA,W2614,3150,seed
PC NB,HN7306EA,W2615,3397,seed
PC NB,HN7306EA,W2616,1825,seed
PC NB,HN7306EA,W2617,1964,seed
PC NB,HN7306EA,W2618,2089,seed
PC NB,HN7306EA,W2619,2986,seed
PC NB,HN7306EA,W2620,3186,seed
PC NB,HN7306EA,W2621,3409,seed
PC NB,HN7306EA,W2622,3625,seed
PC NB,HN7306EA,W2623,3845,seed
PC NB,HN7306EA,W2624,4101,seed
PC NB,HN7306EA,W2625,4361,seed
PC NB,HN7306EA,W2626,4637,seed
PC NB,HT7407NA,W2601,0,seed
PC NB,HT7407NA,W2602,0,seed
PC NB,HT7407NA,W2603,0,seed
PC NB,HT7407NA,W2604,0,seed
PC NB,HT7407NA,W2605,0,seed
PC NB,HT7407NA,W2606,0,seed
PC NB,HT7407NA,W2607,0,seed
PC NB,HT7407NA,W2608,0,seed
PC NB,HT7407NA,W2609,0,seed
PC NB,HT7407NA,W2610,0,seed
PC NB,HT7407NA,W2611,0,seed
PC NB,HT7407NA,W2612,0,seed
PC NB,HT7407NA,W2613,0,seed
PC NB,HT7407NA,W2614,0,seed
PC NB,HT7407NA,W2615,0,seed
PC NB,HT7407NA,W2616,0,seed
PC NB,HT7407NA,W2617,0,seed
PC NB,HT7407NA,W2618,0,seed
PC NB,HT7407NA,W2619,0,seed
PC NB,HT7407NA,W2620,27,seed
PC NB,HT7407NA,W2621,54,seed
PC NB,HT7407NA,W2622,83,seed
PC NB,HT7407NA,W2623,112,seed
PC NB,HT7407NA,W2624,144,seed
PC NB,HT7407NA,W2625,193,seed
PC NB,HT7407NA,W2626,249,seed
PC NB,M1407GA,W2601,0,seed
PC NB,M1407GA,W2602,0,seed
PC NB,M1407GA,W2603,0,seed
PC NB,M1407GA,W2604,0,seed
PC NB,M1407GA,W2605,0,seed
PC NB,M1407GA,W2606,0,seed
PC NB,M1407GA,W2607,0,seed
PC NB,M1407GA,W2608,0,seed
PC NB,M1407GA,W2609,0,seed
PC NB,M1407GA,W2610,0,seed
PC NB,M1407GA,W2611,0,seed
PC NB,M1407GA,W2612,0,seed
PC NB,M1407GA,W2613,0,seed
PC NB,M1407GA,W2614,0,seed
PC NB,M1407GA,W2615,0,seed
PC NB,M1407GA,W2616,0,seed
PC NB,M1407GA,W2617,0,seed
PC NB,M1407GA,W2618,0,seed
PC NB,M1407GA,W2619,0,seed
PC NB,M1407GA,W2620,0,seed
PC NB,M1407GA,W2621,0,seed
PC NB,M1407GA,W2622,0,seed
PC NB,M1407GA,W2623,387,seed
PC NB,M1407GA,W2624,425,seed
PC NB,M1407GA,W2625,462,seed
PC NB,M1407GA,W2626,500,seed
PC NB,M1607GA,W2601,0,seed
PC NB,M1607GA,W2602,0,seed
PC NB,M1607GA,W2603,0,seed
PC NB,M1607GA,W2604,0,seed
PC NB,M1607GA,W2605,0,seed
PC NB,M1607GA,W2606,0,seed
PC NB,M1607GA,W2607,0,seed
PC NB,M1607GA,W2608,0,seed
PC NB,M1607GA,W2609,0,seed
PC NB,M1607GA,W2610,0,seed
PC NB,M1607GA,W2611,0,seed
PC NB,M1607GA,W2612,0,seed
PC NB,M1607GA,W2613,0,seed
PC NB,M1607GA,W2614,0,seed
PC NB,M1607GA,W2615,0,seed
PC NB,M1607GA,W2616,0,seed
PC NB,M1607GA,W2617,0,seed
PC NB,M1607GA,W2618,483,seed
PC NB,M1607GA,W2619,571,seed
PC NB,M1607GA,W2620,666,seed
PC NB,M1607GA,W2621,765,seed
PC NB,M1607GA,W2622,895,seed
PC NB,M1607GA,W2623,1071,seed
PC NB,M1607GA,W2624,1321,seed
PC NB,M1607GA,W2625,1522,seed
PC NB,M1607GA,W2626,1741,seed
PC NB,M1807GA,W2601,0,seed
PC NB,M1807GA,W2602,0,seed
PC NB,M1807GA,W2603,0,seed
PC NB,M1807GA,W2604,0,seed
PC NB,M1807GA,W2605,0,seed
PC NB,M1807GA,W2606,0,seed
PC NB,M1807GA,W2607,0,seed
PC NB,M1807GA,W2608,0,seed
PC NB,M1807GA,W2609,0,seed
PC NB,M1807GA,W2610,0,seed
PC NB,M1807GA,W2611,363,seed
PC NB,M1807GA,W2612,478,seed
PC NB,M1807GA,W2613,657,seed
PC NB,M1807GA,W2614,837,seed
PC NB,M1807GA,W2615,1048,seed
PC NB,M1807GA,W2616,1325,seed
PC NB,M1807GA,W2617,1588,seed
PC NB,M1807GA,W2618,1844,seed
PC NB,M1807GA,W2619,2237,seed
PC NB,M1807GA,W2620,2676,seed
PC NB,M1807GA,W2621,3060,seed
PC NB,M1807GA,W2622,3418,seed
PC NB,M1807GA,W2623,3785,seed
PC NB,M1807GA,W2624,4189,seed
PC NB,M1807GA,W2625,4668,seed
PC NB,M1807GA,W2626,5191,seed
PC NB,M3407GA,W2601,0,seed
PC NB,M3407GA,W2602,0,seed
PC NB,M3407GA,W2603,0,seed
PC NB,M3407GA,W2604,0,seed
PC NB,M3407GA,W2605,0,seed
PC NB,M3407GA,W2606,0,seed
PC NB,M3407GA,W2607,0,seed
PC NB,M3407GA,W2608,0,seed
PC NB,M3407GA,W2609,0,seed
PC NB,M3407GA,W2610,0,seed
PC NB,M3407GA,W2611,165,seed
PC NB,M3407GA,W2612,232,seed
PC NB,M3407GA,W2613,309,seed
PC NB,M3407GA,W2614,381,seed
PC NB,M3407GA,W2615,457,seed
PC NB,M3407GA,W2616,542,seed
PC NB,M3407GA,W2617,617,seed
PC NB,M3407GA,W2618,694,seed
PC NB,M3407GA,W2619,790,seed
PC NB,M3407GA,W2620,874,seed
PC NB,M3407GA,W2621,956,seed
PC NB,M3407GA,W2622,1041,seed
PC NB,M3407GA,W2623,1156,seed
PC NB,M3407GA,W2624,1284,seed
PC NB,M3407GA,W2625,1405,seed
PC NB,M3407GA,W2626,1594,seed
PC NB,M3607GA,W2601,0,seed
PC NB,M3607GA,W2602,0,seed
PC NB,M3607GA,W2603,0,seed
PC NB,M3607GA,W2604,0,seed
PC NB,M3607GA,W2605,0,seed
PC NB,M3607GA,W2606,0,seed
PC NB,M3607GA,W2607,0,seed
PC NB,M3607GA,W2608,0,seed
PC NB,M3607GA,W2609,0,seed
PC NB,M3607GA,W2610,0,seed
PC NB,M3607GA,W2611,0,seed
PC NB,M3607GA,W2612,0,seed
PC NB,M3607GA,W2613,0,seed
PC NB,M3607GA,W2614,0,seed
PC NB,M3607GA,W2615,0,seed
PC NB,M3607GA,W2616,0,seed
PC NB,M3607GA,W2617,1052,seed
PC NB,M3607GA,W2618,1174,seed
PC NB,M3607GA,W2619,1362,seed
PC NB,M3607GA,W2620,1535,seed
PC NB,M3607GA,W2621,1747,seed
PC NB,M3607GA,W2622,1988,seed
PC NB,M3607GA,W2623,2249,seed
PC NB,M3607GA,W2624,2549,seed
PC NB,M3607GA,W2625,2851,seed
PC NB,M3607GA,W2626,3216,seed
PC NB,S3607NA,W2601,0,seed
PC NB,S3607NA,W2602,0,seed
PC NB,S3607NA,W2603,0,seed
PC NB,S3607NA,W2604,0,seed
PC NB,S3607NA,W2605,0,seed
PC NB,S3607NA,W2606,0,seed
PC NB,S3607NA,W2607,0,seed
PC NB,S3607NA,W2608,0,seed
PC NB,S3607NA,W2609,0,seed
PC NB,S3607NA,W2610,0,seed
PC NB,S3607NA,W2611,0,seed
PC NB,S3607NA,W2612,0,seed
PC NB,S3607NA,W2613,0,seed
PC NB,S3607NA,W2614,0,seed
PC NB,S3607NA,W2615,0,seed
PC NB,S3607NA,W2616,0,seed
PC NB,S3607NA,W2617,0,seed
PC NB,S3607NA,W2618,0,seed
PC NB,S3607NA,W2619,0,seed
PC NB,S3607NA,W2620,0,seed
PC NB,S3607NA,W2621,0,seed
PC NB,S3607NA,W2622,0,seed
PC NB,S3607NA,W2623,0,seed
PC NB,S3607NA,W2624,0,seed
PC NB,S3607NA,W2625,0,seed
PC NB,S3607NA,W2626,0,seed
PC NB,S5406SA,W2601,0,seed
PC NB,S5406SA,W2602,0,seed
PC NB,S5406SA,W2603,0,seed
PC NB,S5406SA,W2604,0,seed
PC NB,S5406SA,W2605,0,seed
PC NB,S5406SA,W2606,0,seed
PC NB,S5406SA,W2607,0,seed
PC NB,S5406SA,W2608,0,seed
PC NB,S5406SA,W2609,0,seed
PC NB,S5406SA,W2610,0,seed
PC NB,S5406SA,W2611,0,seed
PC NB,S5406SA,W2612,0,seed
PC NB,S5406SA,W2613,0,seed
PC NB,S5406SA,W2614,0,seed
PC NB,S5406SA,W2615,0,seed
PC NB,S5406SA,W2616,0,seed
PC NB,S5406SA,W2617,0,seed
PC NB,S5406SA,W2618,0,seed
PC NB,S5406SA,W2619,0,seed
PC NB,S5406SA,W2620,0,seed
PC NB,S5406SA,W2621,0,seed
PC NB,S5406SA,W2622,0,seed
PC NB,S5406SA,W2623,0,seed
PC NB,S5406SA,W2624,0,seed
PC NB,S5406SA,W2625,0,seed
PC NB,S5406SA,W2626,0,seed
PC NB,UM5406GA,W2601,0,seed
PC NB,UM5406GA,W2602,0,seed
PC NB,UM5406GA,W2603,0,seed
PC NB,UM5406GA,W2604,0,seed
PC NB,UM5406GA,W2605,0,seed
PC NB,UM5406GA,W2606,0,seed
PC NB,UM5406GA,W2607,0,seed
PC NB,UM5406GA,W2608,0,seed
PC NB,UM5406GA,W2609,0,seed
PC NB,UM5406GA,W2610,0,seed
PC NB,UM5406GA,W2611,0,seed
PC NB,UM5406GA,W2612,0,seed
PC NB,UM5406GA,W2613,0,seed
PC NB,UM5406GA,W2614,0,seed
PC NB,UM5406GA,W2615,0,seed
PC NB,UM5406GA,W2616,0,seed
PC NB,UM5406GA,W2617,0,seed
PC NB,UM5406GA,W2618,0,seed
PC NB,UM5406GA,W2619,0,seed
PC NB,UM5406GA,W2620,0,seed
PC NB,UM5406GA,W2621,0,seed
PC NB,UM5406GA,W2622,0,seed
PC NB,UM5406GA,W2623,0,seed
PC NB,UM5406GA,W2624,0,seed
PC NB,UM5406GA,W2625,0,seed
PC NB,UM5406GA,W2626,0,seed
PC NB,UM5606GA,W2601,0,seed
PC NB,UM5606GA,W2602,0,seed
PC NB,UM5606GA,W2603,0,seed
PC NB,UM5606GA,W2604,0,seed
PC NB,UM5606GA,W2605,0,seed
PC NB,UM5606GA,W2606,0,seed
PC NB,UM5606GA,W2607,561,seed
PC NB,UM5606GA,W2608,727,seed
PC NB,UM5606GA,W2609,972,seed
PC NB,UM5606GA,W2610,1242,seed
PC NB,UM5606GA,W2611,1517,seed
PC NB,UM5606GA,W2612,1835,seed
PC NB,UM5606GA,W2613,2153,seed
PC NB,UM5606GA,W2614,2416,seed
PC NB,UM5606GA,W2615,2687,seed
PC NB,UM5606GA,W2616,2971,seed
PC NB,UM5606GA,W2617,3249,seed
PC NB,UM5606GA,W2618,3570,seed
PC NB,UM5606GA,W2619,3916,seed
PC NB,UM5606GA,W2620,4311,seed
PC NB,UM5606GA,W2621,4724,seed
PC NB,UM5606GA,W2622,5150,seed
PC NB,UM5606GA,W2623,5611,seed
PC NB,UM5606GA,W2624,6095,seed
PC NB,UM5606GA,W2625,6675,seed
PC NB,UM5606GA,W2626,7218,seed
PC NB,UX3407NA,W2601,0,seed
PC NB,UX3407NA,W2602,0,seed
PC NB,UX3407NA,W2603,0,seed
PC NB,UX3407NA,W2604,0,seed
PC NB,UX3407NA,W2605,0,seed
PC NB,UX3407NA,W2606,0,seed
PC NB,UX3407NA,W2607,0,seed
PC NB,UX3407NA,W2608,0,seed
PC NB,UX3407NA,W2609,0,seed
PC NB,UX3407NA,W2610,0,seed
PC NB,UX3407NA,W2611,0,seed
PC NB,UX3407NA,W2612,0,seed
PC NB,UX3407NA,W2613,0,seed
PC NB,UX3407NA,W2614,0,seed
PC NB,UX3407NA,W2615,0,seed
PC NB,UX3407NA,W2616,0,seed
PC NB,UX3407NA,W2617,0,seed
PC NB,UX3407NA,W2618,0,seed
PC NB,UX3407NA,W2619,0,seed
PC NB,UX3407NA,W2620,0,seed
PC NB,UX3407NA,W2621,0,seed
PC NB,UX3407NA,W2622,704,seed
PC NB,UX3407NA,W2623,775,seed
PC NB,UX3407NA,W2624,855,seed
PC NB,UX3407NA,W2625,946,seed
PC NB,UX3407NA,W2626,1020,seed
PC NB,UX3607OA,W2601,0,seed
PC NB,UX3607OA,W2602,0,seed
PC NB,UX3607OA,W2603,0,seed
PC NB,UX3607OA,W2604,0,seed
PC NB,UX3607OA,W2605,0,seed
PC NB,UX3607OA,W2606,0,seed
PC NB,UX3607OA,W2607,0,seed
PC NB,UX3607OA,W2608,0,seed
PC NB,UX3607OA,W2609,0,seed
PC NB,UX3607OA,W2610,0,seed
PC NB,UX3607OA,W2611,0,seed
PC NB,UX3607OA,W2612,0,seed
PC NB,UX3607OA,W2613,0,seed
PC NB,UX3607OA,W2614,0,seed
PC NB,UX3607OA,W2615,0,seed
PC NB,UX3607OA,W2616,0,seed
PC NB,UX3607OA,W2617,0,seed
PC NB,UX3607OA,W2618,0,seed
PC NB,UX3607OA,W2619,944,seed
PC NB,UX3607OA,W2620,1118,seed
PC NB,UX3607OA,W2621,1306,seed
PC NB,UX3607OA,W2622,1439,seed
PC NB,UX3607OA,W2623,1595,seed
PC NB,UX3607OA,W2624,1743,seed
PC NB,UX3607OA,W2625,1934,seed
PC NB,UX3607OA,W2626,2104,seed
PC NB,UX3607QA,W2601,0,seed
PC NB,UX3607QA,W2602,0,seed
PC NB,UX3607QA,W2603,0,seed
PC NB,UX3607QA,W2604,0,seed
PC NB,UX3607QA,W2605,0,seed
PC NB,UX3607QA,W2606,0,seed
PC NB,UX3607QA,W2607,0,seed
PC NB,UX3607QA,W2608,0,seed
PC NB,UX3607QA,W2609,0,seed
PC NB,UX3607QA,W2610,0,seed
PC NB,UX3607QA,W2611,0,seed
PC NB,UX3607QA,W2612,0,seed
PC NB,UX3607QA,W2613,0,seed
PC NB,UX3607QA,W2614,0,seed
PC NB,UX3607QA,W2615,0,seed
PC NB,UX3607QA,W2616,0,seed
PC NB,UX3607QA,W2617,0,seed
PC NB,UX3607QA,W2618,0,seed
PC NB,UX3607QA,W2619,0,seed
PC NB,UX3607QA,W2620,0,seed
PC NB,UX3607QA,W2621,0,seed
PC NB,UX3607QA,W2622,0,seed
PC NB,UX3607QA,W2623,0,seed
PC NB,UX3607QA,W2624,0,seed
PC NB,UX3607QA,W2625,0,seed
PC NB,UX3607QA,W2626,0,seed
PC NB,UX5406AA,W2601,0,seed
PC NB,UX5406AA,W2602,0,seed
PC NB,UX5406AA,W2603,0,seed
PC NB,UX5406AA,W2604,0,seed
PC NB,UX5406AA,W2605,0,seed
PC NB,UX5406AA,W2606,0,seed
PC NB,UX5406AA,W2607,0,seed
PC NB,UX5406AA,W2608,0,seed
PC NB,UX5406AA,W2609,0,seed
PC NB,UX5406AA,W2610,496,seed
PC NB,UX5406AA,W2611,795,seed
PC NB,UX5406AA,W2612,1034,seed
PC NB,UX5406AA,W2613,1275,seed
PC NB,UX5406AA,W2614,1469,seed
PC NB,UX5406AA,W2615,1692,seed
PC NB,UX5406AA,W2616,1909,seed
PC NB,UX5406AA,W2617,2201,seed
PC NB,UX5406AA,W2618,2464,seed
PC NB,UX5406AA,W2619,2764,seed
PC NB,UX5406AA,W2620,3034,seed
PC NB,UX5406AA,W2621,3419,seed
PC NB,UX5406AA,W2622,3761,seed
PC NB,UX5406AA,W2623,4091,seed
PC NB,UX5406AA,W2624,4414,seed
PC NB,UX5406AA,W2625,4806,seed
PC NB,UX5406AA,W2626,5222,seed
Gaming NB,FA401EA,W2601,0,seed
Gaming NB,FA401EA,W2602,0,seed
Gaming NB,FA401EA,W2603,0,seed
Gaming NB,FA401EA,W2604,0,seed
Gaming NB,FA401EA,W2605,0,seed
Gaming NB,FA401EA,W2606,299,seed
Gaming NB,FA401EA,W2607,437,seed
Gaming NB,FA401EA,W2608,532,seed
Gaming NB,FA401EA,W2609,701,seed
Gaming NB,FA401EA,W2610,857,seed
Gaming NB,FA401EA,W2611,1014,seed
Gaming NB,FA401EA,W2612,1159,seed
Gaming NB,FA401EA,W2613,1295,seed
Gaming NB,FA401EA,W2614,1455,seed
Gaming NB,FA401EA,W2615,1590,seed
Gaming NB,FA401EA,W2616,1706,seed
Gaming NB,FA401EA,W2617,1817,seed
Gaming NB,FA401EA,W2618,1916,seed
Gaming NB,FA401EA,W2619,1994,seed
Gaming NB,FA401EA,W2620,2093,seed
Gaming NB,FA401EA,W2621,2191,seed
Gaming NB,FA401EA,W2622,2315,seed
Gaming NB,FA401EA,W2623,2462,seed
Gaming NB,FA401EA,W2624,2610,seed
Gaming NB,FA401EA,W2625,2791,seed
Gaming NB,FA401EA,W2626,2932,seed
Gaming NB,FA401GH,W2601,0,seed
Gaming NB,FA401GH,W2602,0,seed
Gaming NB,FA401GH,W2603,0,seed
Gaming NB,FA401GH,W2604,0,seed
Gaming NB,FA401GH,W2605,0,seed
Gaming NB,FA401GH,W2606,0,seed
Gaming NB,FA401GH,W2607,0,seed
Gaming NB,FA401GH,W2608,0,seed
Gaming NB,FA401GH,W2609,0,seed
Gaming NB,FA401GH,W2610,0,seed
Gaming NB,FA401GH,W2611,0,seed
Gaming NB,FA401GH,W2612,0,seed
Gaming NB,FA401GH,W2613,0,seed
Gaming NB,FA401GH,W2614,0,seed
Gaming NB,FA401GH,W2615,0,seed
Gaming NB,FA401GH,W2616,0,seed
Gaming NB,FA401GH,W2617,0,seed
Gaming NB,FA401GH,W2618,0,seed
Gaming NB,FA401GH,W2619,0,seed
Gaming NB,FA401GH,W2620,0,seed
Gaming NB,FA401GH,W2621,0,seed
Gaming NB,FA401GH,W2622,0,seed
Gaming NB,FA401GH,W2623,0,seed
Gaming NB,FA401GH,W2624,0,seed
Gaming NB,FA401GH,W2625,0,seed
Gaming NB,FA401GH,W2626,0,seed
Gaming NB,FA401GM,W2601,0,seed
Gaming NB,FA401GM,W2602,0,seed
Gaming NB,FA401GM,W2603,0,seed
Gaming NB,FA401GM,W2604,0,seed
Gaming NB,FA401GM,W2605,0,seed
Gaming NB,FA401GM,W2606,0,seed
Gaming NB,FA401GM,W2607,0,seed
Gaming NB,FA401GM,W2608,0,seed
Gaming NB,FA401GM,W2609,865,seed
Gaming NB,FA401GM,W2610,1054,seed
Gaming NB,FA401GM,W2611,1216,seed
Gaming NB,FA401GM,W2612,1376,seed
Gaming NB,FA401GM,W2613,1535,seed
Gaming NB,FA401GM,W2614,1708,seed
Gaming NB,FA401GM,W2615,1865,seed
Gaming NB,FA401GM,W2616,2055,seed
Gaming NB,FA401GM,W2617,2234,seed
Gaming NB,FA401GM,W2618,2408,seed
Gaming NB,FA401GM,W2619,2556,seed
Gaming NB,FA401GM,W2620,2761,seed
Gaming NB,FA401GM,W2621,2986,seed
Gaming NB,FA401GM,W2622,3194,seed
Gaming NB,FA401GM,W2623,3514,seed
Gaming NB,FA401GM,W2624,3870,seed
Gaming NB,FA401GM,W2625,4414,seed
Gaming NB,FA401GM,W2626,4765,seed
Gaming NB,FA617NTQ,W2601,0,seed
Gaming NB,FA617NTQ,W2602,0,seed
Gaming NB,FA617NTQ,W2603,0,seed
Gaming NB,FA617NTQ,W2604,0,seed
Gaming NB,FA617NTQ,W2605,0,seed
Gaming NB,FA617NTQ,W2606,0,seed
Gaming NB,FA617NTQ,W2607,0,seed
Gaming NB,FA617NTQ,W2608,0,seed
Gaming NB,FA617NTQ,W2609,0,seed
Gaming NB,FA617NTQ,W2610,0,seed
Gaming NB,FA617NTQ,W2611,0,seed
Gaming NB,FA617NTQ,W2612,0,seed
Gaming NB,FA617NTQ,W2613,0,seed
Gaming NB,FA617NTQ,W2614,0,seed
Gaming NB,FA617NTQ,W2615,370,seed
Gaming NB,FA617NTQ,W2616,392,seed
Gaming NB,FA617NTQ,W2617,433,seed
Gaming NB,FA617NTQ,W2618,487,seed
Gaming NB,FA617NTQ,W2619,544,seed
Gaming NB,FA617NTQ,W2620,614,seed
Gaming NB,FA617NTQ,W2621,665,seed
Gaming NB,FA617NTQ,W2622,746,seed
Gaming NB,FA617NTQ,W2623,840,seed
Gaming NB,FA617NTQ,W2624,1056,seed
Gaming NB,FA617NTQ,W2625,1357,seed
Gaming NB,FA617NTQ,W2626,1722,seed
Gaming NB,FX608JHI,W2601,0,seed
Gaming NB,FX608JHI,W2602,0,seed
Gaming NB,FX608JHI,W2603,0,seed
Gaming NB,FX608JHI,W2604,0,seed
Gaming NB,FX608JHI,W2605,0,seed
Gaming NB,FX608JHI,W2606,0,seed
Gaming NB,FX608JHI,W2607,0,seed
Gaming NB,FX608JHI,W2608,0,seed
Gaming NB,FX608JHI,W2609,0,seed
Gaming NB,FX608JHI,W2610,0,seed
Gaming NB,FX608JHI,W2611,0,seed
Gaming NB,FX608JHI,W2612,0,seed
Gaming NB,FX608JHI,W2613,0,seed
Gaming NB,FX608JHI,W2614,0,seed
Gaming NB,FX608JHI,W2615,0,seed
Gaming NB,FX608JHI,W2616,0,seed
Gaming NB,FX608JHI,W2617,0,seed
Gaming NB,FX608JHI,W2618,0,seed
Gaming NB,FX608JHI,W2619,0,seed
Gaming NB,FX608JHI,W2620,0,seed
Gaming NB,FX608JHI,W2621,0,seed
Gaming NB,FX608JHI,W2622,0,seed
Gaming NB,FX608JHI,W2623,0,seed
Gaming NB,FX608JHI,W2624,0,seed
Gaming NB,FX608JHI,W2625,0,seed
Gaming NB,FX608JHI,W2626,0,seed
Gaming NB,FX608JHR,W2601,0,seed
Gaming NB,FX608JHR,W2602,0,seed
Gaming NB,FX608JHR,W2603,0,seed
Gaming NB,FX608JHR,W2604,0,seed
Gaming NB,FX608JHR,W2605,0,seed
Gaming NB,FX608JHR,W2606,0,seed
Gaming NB,FX608JHR,W2607,0,seed
Gaming NB,FX608JHR,W2608,0,seed
Gaming NB,FX608JHR,W2609,0,seed
Gaming NB,FX608JHR,W2610,0,seed
Gaming NB,FX608JHR,W2611,0,seed
Gaming NB,FX608JHR,W2612,0,seed
Gaming NB,FX608JHR,W2613,0,seed
Gaming NB,FX608JHR,W2614,0,seed
Gaming NB,FX608JHR,W2615,0,seed
Gaming NB,FX608JHR,W2616,0,seed
Gaming NB,FX608JHR,W2617,0,seed
Gaming NB,FX608JHR,W2618,0,seed
Gaming NB,FX608JHR,W2619,0,seed
Gaming NB,FX608JHR,W2620,0,seed
Gaming NB,FX608JHR,W2621,0,seed
Gaming NB,FX608JHR,W2622,0,seed
Gaming NB,FX608JHR,W2623,0,seed
Gaming NB,FX608JHR,W2624,0,seed
Gaming NB,FX608JHR,W2625,0,seed
Gaming NB,FX608JHR,W2626,0,seed
Gaming NB,FX608JMI,W2601,0,seed
Gaming NB,FX608JMI,W2602,0,seed
Gaming NB,FX608JMI,W2603,0,seed
Gaming NB,FX608JMI,W2604,0,seed
Gaming NB,FX608JMI,W2605,0,seed
Gaming NB,FX608JMI,W2606,0,seed
Gaming NB,FX608JMI,W2607,0,seed
Gaming NB,FX608JMI,W2608,0,seed
Gaming NB,FX608JMI,W2609,0,seed
Gaming NB,FX608JMI,W2610,0,seed
Gaming NB,FX608JMI,W2611,0,seed
Gaming NB,FX608JMI,W2612,0,seed
Gaming NB,FX608JMI,W2613,0,seed
Gaming NB,FX608JMI,W2614,0,seed
Gaming NB,FX608JMI,W2615,0,seed
Gaming NB,FX608JMI,W2616,0,seed
Gaming NB,FX608JMI,W2617,0,seed
Gaming NB,FX608JMI,W2618,0,seed
Gaming NB,FX608JMI,W2619,0,seed
Gaming NB,FX608JMI,W2620,0,seed
Gaming NB,FX608JMI,W2621,0,seed
Gaming NB,FX608JMI,W2622,0,seed
Gaming NB,FX608JMI,W2623,0,seed
Gaming NB,FX608JMI,W2624,0,seed
Gaming NB,FX608JMI,W2625,0,seed
Gaming NB,FX608JMI,W2626,0,seed
Gaming NB,FX608JMR,W2601,0,seed
Gaming NB,FX608JMR,W2602,0,seed
Gaming NB,FX608JMR,W2603,0,seed
Gaming NB,FX608JMR,W2604,0,seed
Gaming NB,FX608JMR,W2605,0,seed
Gaming NB,FX608JMR,W2606,0,seed
Gaming NB,FX608JMR,W2607,0,seed
Gaming NB,FX608JMR,W2608,0,seed
Gaming NB,FX608JMR,W2609,0,seed
Gaming NB,FX608JMR,W2610,0,seed
Gaming NB,FX608JMR,W2611,0,seed
Gaming NB,FX608JMR,W2612,0,seed
Gaming NB,FX608JMR,W2613,0,seed
Gaming NB,FX608JMR,W2614,0,seed
Gaming NB,FX608JMR,W2615,0,seed
Gaming NB,FX608JMR,W2616,0,seed
Gaming NB,FX608JMR,W2617,0,seed
Gaming NB,FX608JMR,W2618,0,seed
Gaming NB,FX608JMR,W2619,0,seed
Gaming NB,FX608JMR,W2620,0,seed
Gaming NB,FX608JMR,W2621,0,seed
Gaming NB,FX608JMR,W2622,0,seed
Gaming NB,FX608JMR,W2623,0,seed
Gaming NB,FX608JMR,W2624,0,seed
Gaming NB,FX608JMR,W2625,0,seed
Gaming NB,FX608JMR,W2626,0,seed
Gaming NB,FX608JPR,W2601,0,seed
Gaming NB,FX608JPR,W2602,0,seed
Gaming NB,FX608JPR,W2603,0,seed
Gaming NB,FX608JPR,W2604,0,seed
Gaming NB,FX608JPR,W2605,0,seed
Gaming NB,FX608JPR,W2606,0,seed
Gaming NB,FX608JPR,W2607,0,seed
Gaming NB,FX608JPR,W2608,0,seed
Gaming NB,FX608JPR,W2609,0,seed
Gaming NB,FX608JPR,W2610,0,seed
Gaming NB,FX608JPR,W2611,0,seed
Gaming NB,FX608JPR,W2612,0,seed
Gaming NB,FX608JPR,W2613,0,seed
Gaming NB,FX608JPR,W2614,0,seed
Gaming NB,FX608JPR,W2615,0,seed
Gaming NB,FX608JPR,W2616,0,seed
Gaming NB,FX608JPR,W2617,0,seed
Gaming NB,FX608JPR,W2618,0,seed
Gaming NB,FX608JPR,W2619,0,seed
Gaming NB,FX608JPR,W2620,0,seed
Gaming NB,FX608JPR,W2621,0,seed
Gaming NB,FX608JPR,W2622,0,seed
Gaming NB,FX608JPR,W2623,0,seed
Gaming NB,FX608JPR,W2624,0,seed
Gaming NB,FX608JPR,W2625,0,seed
Gaming NB,FX608JPR,W2626,0,seed
Gaming NB,FX608LH,W2601,0,seed
Gaming NB,FX608LH,W2602,0,seed
Gaming NB,FX608LH,W2603,0,seed
Gaming NB,FX608LH,W2604,0,seed
Gaming NB,FX608LH,W2605,0,seed
Gaming NB,FX608LH,W2606,0,seed
Gaming NB,FX608LH,W2607,0,seed
Gaming NB,FX608LH,W2608,0,seed
Gaming NB,FX608LH,W2609,0,seed
Gaming NB,FX608LH,W2610,0,seed
Gaming NB,FX608LH,W2611,0,seed
Gaming NB,FX608LH,W2612,0,seed
Gaming NB,FX608LH,W2613,0,seed
Gaming NB,FX608LH,W2614,0,seed
Gaming NB,FX608LH,W2615,0,seed
Gaming NB,FX608LH,W2616,0,seed
Gaming NB,FX608LH,W2617,0,seed
Gaming NB,FX608LH,W2618,0,seed
Gaming NB,FX608LH,W2619,0,seed
Gaming NB,FX608LH,W2620,0,seed
Gaming NB,FX608LH,W2621,0,seed
Gaming NB,FX608LH,W2622,0,seed
Gaming NB,FX608LH,W2623,0,seed
Gaming NB,FX608LH,W2624,0,seed
Gaming NB,FX608LH,W2625,2223,seed
Gaming NB,FX608LH,W2626,3235,seed
Gaming NB,FX608LMG,W2601,0,seed
Gaming NB,FX608LMG,W2602,0,seed
Gaming NB,FX608LMG,W2603,0,seed
Gaming NB,FX608LMG,W2604,0,seed
Gaming NB,FX608LMG,W2605,0,seed
Gaming NB,FX608LMG,W2606,0,seed
Gaming NB,FX608LMG,W2607,0,seed
Gaming NB,FX608LMG,W2608,0,seed
Gaming NB,FX608LMG,W2609,0,seed
Gaming NB,FX608LMG,W2610,0,seed
Gaming NB,FX608LMG,W2611,0,seed
Gaming NB,FX608LMG,W2612,0,seed
Gaming NB,FX608LMG,W2613,0,seed
Gaming NB,FX608LMG,W2614,0,seed
Gaming NB,FX608LMG,W2615,0,seed
Gaming NB,FX608LMG,W2616,0,seed
Gaming NB,FX608LMG,W2617,0,seed
Gaming NB,FX608LMG,W2618,0,seed
Gaming NB,FX608LMG,W2619,0,seed
Gaming NB,FX608LMG,W2620,0,seed
Gaming NB,FX608LMG,W2621,2924,seed
Gaming NB,FX608LMG,W2622,4681,seed
Gaming NB,FX608LMG,W2623,7876,seed
Gaming NB,FX608LMG,W2624,21210,seed
Gaming NB,FX608LMG,W2625,45922,seed
Gaming NB,FX608LMG,W2626,54755,seed
Gaming NB,FX608LPG,W2601,0,seed
Gaming NB,FX608LPG,W2602,0,seed
Gaming NB,FX608LPG,W2603,0,seed
Gaming NB,FX608LPG,W2604,0,seed
Gaming NB,FX608LPG,W2605,0,seed
Gaming NB,FX608LPG,W2606,0,seed
Gaming NB,FX608LPG,W2607,0,seed
Gaming NB,FX608LPG,W2608,0,seed
Gaming NB,FX608LPG,W2609,0,seed
Gaming NB,FX608LPG,W2610,0,seed
Gaming NB,FX608LPG,W2611,0,seed
Gaming NB,FX608LPG,W2612,0,seed
Gaming NB,FX608LPG,W2613,0,seed
Gaming NB,FX608LPG,W2614,0,seed
Gaming NB,FX608LPG,W2615,0,seed
Gaming NB,FX608LPG,W2616,0,seed
Gaming NB,FX608LPG,W2617,0,seed
Gaming NB,FX608LPG,W2618,0,seed
Gaming NB,FX608LPG,W2619,0,seed
Gaming NB,FX608LPG,W2620,0,seed
Gaming NB,FX608LPG,W2621,679,seed
Gaming NB,FX608LPG,W2622,1160,seed
Gaming NB,FX608LPG,W2623,1872,seed
Gaming NB,FX608LPG,W2624,4783,seed
Gaming NB,FX608LPG,W2625,9416,seed
Gaming NB,FX608LPG,W2626,11295,seed
Gaming NB,G614PW,W2601,0,seed
Gaming NB,G614PW,W2602,0,seed
Gaming NB,G614PW,W2603,0,seed
Gaming NB,G614PW,W2604,0,seed
Gaming NB,G614PW,W2605,0,seed
Gaming NB,G614PW,W2606,0,seed
Gaming NB,G614PW,W2607,0,seed
Gaming NB,G614PW,W2608,0,seed
Gaming NB,G614PW,W2609,0,seed
Gaming NB,G614PW,W2610,0,seed
Gaming NB,G614PW,W2611,0,seed
Gaming NB,G614PW,W2612,0,seed
Gaming NB,G614PW,W2613,0,seed
Gaming NB,G614PW,W2614,0,seed
Gaming NB,G614PW,W2615,0,seed
Gaming NB,G614PW,W2616,0,seed
Gaming NB,G614PW,W2617,0,seed
Gaming NB,G614PW,W2618,0,seed
Gaming NB,G614PW,W2619,0,seed
Gaming NB,G614PW,W2620,0,seed
Gaming NB,G614PW,W2621,0,seed
Gaming NB,G614PW,W2622,0,seed
Gaming NB,G614PW,W2623,0,seed
Gaming NB,G614PW,W2624,0,seed
Gaming NB,G614PW,W2625,0,seed
Gaming NB,G614PW,W2626,0,seed
Gaming NB,G615LMG,W2601,0,seed
Gaming NB,G615LMG,W2602,0,seed
Gaming NB,G615LMG,W2603,0,seed
Gaming NB,G615LMG,W2604,0,seed
Gaming NB,G615LMG,W2605,0,seed
Gaming NB,G615LMG,W2606,0,seed
Gaming NB,G615LMG,W2607,0,seed
Gaming NB,G615LMG,W2608,0,seed
Gaming NB,G615LMG,W2609,0,seed
Gaming NB,G615LMG,W2610,0,seed
Gaming NB,G615LMG,W2611,0,seed
Gaming NB,G615LMG,W2612,0,seed
Gaming NB,G615LMG,W2613,0,seed
Gaming NB,G615LMG,W2614,0,seed
Gaming NB,G615LMG,W2615,0,seed
Gaming NB,G615LMG,W2616,0,seed
Gaming NB,G615LMG,W2617,0,seed
Gaming NB,G615LMG,W2618,0,seed
Gaming NB,G615LMG,W2619,0,seed
Gaming NB,G615LMG,W2620,0,seed
Gaming NB,G615LMG,W2621,0,seed
Gaming NB,G615LMG,W2622,0,seed
Gaming NB,G615LMG,W2623,0,seed
Gaming NB,G615LMG,W2624,0,seed
Gaming NB,G615LMG,W2625,0,seed
Gaming NB,G615LMG,W2626,0,seed
Gaming NB,G615LPG,W2601,0,seed
Gaming NB,G615LPG,W2602,0,seed
Gaming NB,G615LPG,W2603,0,seed
Gaming NB,G615LPG,W2604,0,seed
Gaming NB,G615LPG,W2605,0,seed
Gaming NB,G615LPG,W2606,0,seed
Gaming NB,G615LPG,W2607,0,seed
Gaming NB,G615LPG,W2608,0,seed
Gaming NB,G615LPG,W2609,0,seed
Gaming NB,G615LPG,W2610,0,seed
Gaming NB,G615LPG,W2611,0,seed
Gaming NB,G615LPG,W2612,0,seed
Gaming NB,G615LPG,W2613,0,seed
Gaming NB,G615LPG,W2614,0,seed
Gaming NB,G615LPG,W2615,0,seed
Gaming NB,G615LPG,W2616,0,seed
Gaming NB,G615LPG,W2617,0,seed
Gaming NB,G615LPG,W2618,0,seed
Gaming NB,G615LPG,W2619,0,seed
Gaming NB,G615LPG,W2620,0,seed
Gaming NB,G615LPG,W2621,0,seed
Gaming NB,G615LPG,W2622,0,seed
Gaming NB,G615LPG,W2623,0,seed
Gaming NB,G615LPG,W2624,0,seed
Gaming NB,G615LPG,W2625,0,seed
Gaming NB,G615LPG,W2626,0,seed
Gaming NB,G615LRG,W2601,0,seed
Gaming NB,G615LRG,W2602,0,seed
Gaming NB,G615LRG,W2603,0,seed
Gaming NB,G615LRG,W2604,0,seed
Gaming NB,G615LRG,W2605,0,seed
Gaming NB,G615LRG,W2606,0,seed
Gaming NB,G615LRG,W2607,0,seed
Gaming NB,G615LRG,W2608,0,seed
Gaming NB,G615LRG,W2609,0,seed
Gaming NB,G615LRG,W2610,0,seed
Gaming NB,G615LRG,W2611,0,seed
Gaming NB,G615LRG,W2612,0,seed
Gaming NB,G615LRG,W2613,0,seed
Gaming NB,G615LRG,W2614,0,seed
Gaming NB,G615LRG,W2615,0,seed
Gaming NB,G615LRG,W2616,0,seed
Gaming NB,G615LRG,W2617,0,seed
Gaming NB,G615LRG,W2618,0,seed
Gaming NB,G615LRG,W2619,0,seed
Gaming NB,G615LRG,W2620,0,seed
Gaming NB,G615LRG,W2621,0,seed
Gaming NB,G615LRG,W2622,93,seed
Gaming NB,G615LRG,W2623,147,seed
Gaming NB,G615LRG,W2624,300,seed
Gaming NB,G615LRG,W2625,462,seed
Gaming NB,G615LRG,W2626,548,seed
Gaming NB,G615LWG,W2601,0,seed
Gaming NB,G615LWG,W2602,0,seed
Gaming NB,G615LWG,W2603,0,seed
Gaming NB,G615LWG,W2604,0,seed
Gaming NB,G615LWG,W2605,0,seed
Gaming NB,G615LWG,W2606,0,seed
Gaming NB,G615LWG,W2607,0,seed
Gaming NB,G615LWG,W2608,0,seed
Gaming NB,G615LWG,W2609,0,seed
Gaming NB,G615LWG,W2610,0,seed
Gaming NB,G615LWG,W2611,0,seed
Gaming NB,G615LWG,W2612,0,seed
Gaming NB,G615LWG,W2613,0,seed
Gaming NB,G615LWG,W2614,0,seed
Gaming NB,G615LWG,W2615,0,seed
Gaming NB,G615LWG,W2616,0,seed
Gaming NB,G615LWG,W2617,0,seed
Gaming NB,G615LWG,W2618,0,seed
Gaming NB,G615LWG,W2619,0,seed
Gaming NB,G615LWG,W2620,0,seed
Gaming NB,G615LWG,W2621,0,seed
Gaming NB,G615LWG,W2622,0,seed
Gaming NB,G615LWG,W2623,0,seed
Gaming NB,G615LWG,W2624,0,seed
Gaming NB,G615LWG,W2625,0,seed
Gaming NB,G615LWG,W2626,0,seed
Gaming NB,G635LWG,W2601,0,seed
Gaming NB,G635LWG,W2602,0,seed
Gaming NB,G635LWG,W2603,0,seed
Gaming NB,G635LWG,W2604,0,seed
Gaming NB,G635LWG,W2605,0,seed
Gaming NB,G635LWG,W2606,0,seed
Gaming NB,G635LWG,W2607,0,seed
Gaming NB,G635LWG,W2608,0,seed
Gaming NB,G635LWG,W2609,0,seed
Gaming NB,G635LWG,W2610,0,seed
Gaming NB,G635LWG,W2611,0,seed
Gaming NB,G635LWG,W2612,0,seed
Gaming NB,G635LWG,W2613,0,seed
Gaming NB,G635LWG,W2614,0,seed
Gaming NB,G635LWG,W2615,0,seed
Gaming NB,G635LWG,W2616,0,seed
Gaming NB,G635LWG,W2617,0,seed
Gaming NB,G635LWG,W2618,0,seed
Gaming NB,G635LWG,W2619,0,seed
Gaming NB,G635LWG,W2620,0,seed
Gaming NB,G635LWG,W2621,0,seed
Gaming NB,G635LWG,W2622,0,seed
Gaming NB,G635LWG,W2623,0,seed
Gaming NB,G635LWG,W2624,0,seed
Gaming NB,G635LWG,W2625,0,seed
Gaming NB,G635LWG,W2626,0,seed
Gaming NB,G635LXG,W2601,0,seed
Gaming NB,G635LXG,W2602,0,seed
Gaming NB,G635LXG,W2603,0,seed
Gaming NB,G635LXG,W2604,0,seed
Gaming NB,G635LXG,W2605,0,seed
Gaming NB,G635LXG,W2606,0,seed
Gaming NB,G635LXG,W2607,0,seed
Gaming NB,G635LXG,W2608,0,seed
Gaming NB,G635LXG,W2609,0,seed
Gaming NB,G635LXG,W2610,0,seed
Gaming NB,G635LXG,W2611,0,seed
Gaming NB,G635LXG,W2612,0,seed
Gaming NB,G635LXG,W2613,0,seed
Gaming NB,G635LXG,W2614,0,seed
Gaming NB,G635LXG,W2615,0,seed
Gaming NB,G635LXG,W2616,0,seed
Gaming NB,G635LXG,W2617,0,seed
Gaming NB,G635LXG,W2618,0,seed
Gaming NB,G635LXG,W2619,0,seed
Gaming NB,G635LXG,W2620,0,seed
Gaming NB,G635LXG,W2621,0,seed
Gaming NB,G635LXG,W2622,0,seed
Gaming NB,G635LXG,W2623,0,seed
Gaming NB,G635LXG,W2624,0,seed
Gaming NB,G635LXG,W2625,0,seed
Gaming NB,G635LXG,W2626,0,seed
Gaming NB,G815LMG,W2601,0,seed
Gaming NB,G815LMG,W2602,0,seed
Gaming NB,G815LMG,W2603,0,seed
Gaming NB,G815LMG,W2604,0,seed
Gaming NB,G815LMG,W2605,0,seed
Gaming NB,G815LMG,W2606,0,seed
Gaming NB,G815LMG,W2607,0,seed
Gaming NB,G815LMG,W2608,0,seed
Gaming NB,G815LMG,W2609,0,seed
Gaming NB,G815LMG,W2610,0,seed
Gaming NB,G815LMG,W2611,0,seed
Gaming NB,G815LMG,W2612,0,seed
Gaming NB,G815LMG,W2613,0,seed
Gaming NB,G815LMG,W2614,0,seed
Gaming NB,G815LMG,W2615,0,seed
Gaming NB,G815LMG,W2616,0,seed
Gaming NB,G815LMG,W2617,0,seed
Gaming NB,G815LMG,W2618,0,seed
Gaming NB,G815LMG,W2619,0,seed
Gaming NB,G815LMG,W2620,0,seed
Gaming NB,G815LMG,W2621,0,seed
Gaming NB,G815LMG,W2622,0,seed
Gaming NB,G815LMG,W2623,0,seed
Gaming NB,G815LMG,W2624,0,seed
Gaming NB,G815LMG,W2625,0,seed
Gaming NB,G815LMG,W2626,0,seed
Gaming NB,G815LPG,W2601,0,seed
Gaming NB,G815LPG,W2602,0,seed
Gaming NB,G815LPG,W2603,0,seed
Gaming NB,G815LPG,W2604,0,seed
Gaming NB,G815LPG,W2605,0,seed
Gaming NB,G815LPG,W2606,0,seed
Gaming NB,G815LPG,W2607,0,seed
Gaming NB,G815LPG,W2608,0,seed
Gaming NB,G815LPG,W2609,0,seed
Gaming NB,G815LPG,W2610,0,seed
Gaming NB,G815LPG,W2611,0,seed
Gaming NB,G815LPG,W2612,0,seed
Gaming NB,G815LPG,W2613,0,seed
Gaming NB,G815LPG,W2614,0,seed
Gaming NB,G815LPG,W2615,0,seed
Gaming NB,G815LPG,W2616,0,seed
Gaming NB,G815LPG,W2617,0,seed
Gaming NB,G815LPG,W2618,0,seed
Gaming NB,G815LPG,W2619,0,seed
Gaming NB,G815LPG,W2620,0,seed
Gaming NB,G815LPG,W2621,0,seed
Gaming NB,G815LPG,W2622,0,seed
Gaming NB,G815LPG,W2623,0,seed
Gaming NB,G815LPG,W2624,0,seed
Gaming NB,G815LPG,W2625,0,seed
Gaming NB,G815LPG,W2626,0,seed
Gaming NB,G815LRG,W2601,0,seed
Gaming NB,G815LRG,W2602,0,seed
Gaming NB,G815LRG,W2603,0,seed
Gaming NB,G815LRG,W2604,0,seed
Gaming NB,G815LRG,W2605,0,seed
Gaming NB,G815LRG,W2606,0,seed
Gaming NB,G815LRG,W2607,0,seed
Gaming NB,G815LRG,W2608,0,seed
Gaming NB,G815LRG,W2609,0,seed
Gaming NB,G815LRG,W2610,0,seed
Gaming NB,G815LRG,W2611,0,seed
Gaming NB,G815LRG,W2612,0,seed
Gaming NB,G815LRG,W2613,0,seed
Gaming NB,G815LRG,W2614,0,seed
Gaming NB,G815LRG,W2615,0,seed
Gaming NB,G815LRG,W2616,0,seed
Gaming NB,G815LRG,W2617,0,seed
Gaming NB,G815LRG,W2618,0,seed
Gaming NB,G815LRG,W2619,0,seed
Gaming NB,G815LRG,W2620,0,seed
Gaming NB,G815LRG,W2621,0,seed
Gaming NB,G815LRG,W2622,0,seed
Gaming NB,G815LRG,W2623,350,seed
Gaming NB,G815LRG,W2624,681,seed
Gaming NB,G815LRG,W2625,936,seed
Gaming NB,G815LRG,W2626,1082,seed
Gaming NB,G815LWG,W2601,0,seed
Gaming NB,G815LWG,W2602,0,seed
Gaming NB,G815LWG,W2603,0,seed
Gaming NB,G815LWG,W2604,0,seed
Gaming NB,G815LWG,W2605,0,seed
Gaming NB,G815LWG,W2606,0,seed
Gaming NB,G815LWG,W2607,0,seed
Gaming NB,G815LWG,W2608,0,seed
Gaming NB,G815LWG,W2609,0,seed
Gaming NB,G815LWG,W2610,0,seed
Gaming NB,G815LWG,W2611,0,seed
Gaming NB,G815LWG,W2612,0,seed
Gaming NB,G815LWG,W2613,0,seed
Gaming NB,G815LWG,W2614,0,seed
Gaming NB,G815LWG,W2615,0,seed
Gaming NB,G815LWG,W2616,0,seed
Gaming NB,G815LWG,W2617,0,seed
Gaming NB,G815LWG,W2618,0,seed
Gaming NB,G815LWG,W2619,0,seed
Gaming NB,G815LWG,W2620,0,seed
Gaming NB,G815LWG,W2621,0,seed
Gaming NB,G815LWG,W2622,0,seed
Gaming NB,G815LWG,W2623,0,seed
Gaming NB,G815LWG,W2624,0,seed
Gaming NB,G815LWG,W2625,0,seed
Gaming NB,G815LWG,W2626,0,seed
Gaming NB,G835LWG,W2601,0,seed
Gaming NB,G835LWG,W2602,0,seed
Gaming NB,G835LWG,W2603,0,seed
Gaming NB,G835LWG,W2604,0,seed
Gaming NB,G835LWG,W2605,0,seed
Gaming NB,G835LWG,W2606,0,seed
Gaming NB,G835LWG,W2607,0,seed
Gaming NB,G835LWG,W2608,0,seed
Gaming NB,G835LWG,W2609,0,seed
Gaming NB,G835LWG,W2610,0,seed
Gaming NB,G835LWG,W2611,0,seed
Gaming NB,G835LWG,W2612,0,seed
Gaming NB,G835LWG,W2613,0,seed
Gaming NB,G835LWG,W2614,0,seed
Gaming NB,G835LWG,W2615,0,seed
Gaming NB,G835LWG,W2616,0,seed
Gaming NB,G835LWG,W2617,0,seed
Gaming NB,G835LWG,W2618,0,seed
Gaming NB,G835LWG,W2619,0,seed
Gaming NB,G835LWG,W2620,0,seed
Gaming NB,G835LWG,W2621,0,seed
Gaming NB,G835LWG,W2622,0,seed
Gaming NB,G835LWG,W2623,0,seed
Gaming NB,G835LWG,W2624,0,seed
Gaming NB,G835LWG,W2625,0,seed
Gaming NB,G835LWG,W2626,422,seed
Gaming NB,G835LXG,W2601,0,seed
Gaming NB,G835LXG,W2602,0,seed
Gaming NB,G835LXG,W2603,0,seed
Gaming NB,G835LXG,W2604,0,seed
Gaming NB,G835LXG,W2605,0,seed
Gaming NB,G835LXG,W2606,0,seed
Gaming NB,G835LXG,W2607,0,seed
Gaming NB,G835LXG,W2608,0,seed
Gaming NB,G835LXG,W2609,0,seed
Gaming NB,G835LXG,W2610,0,seed
Gaming NB,G835LXG,W2611,0,seed
Gaming NB,G835LXG,W2612,0,seed
Gaming NB,G835LXG,W2613,0,seed
Gaming NB,G835LXG,W2614,0,seed
Gaming NB,G835LXG,W2615,0,seed
Gaming NB,G835LXG,W2616,0,seed
Gaming NB,G835LXG,W2617,0,seed
Gaming NB,G835LXG,W2618,0,seed
Gaming NB,G835LXG,W2619,0,seed
Gaming NB,G835LXG,W2620,0,seed
Gaming NB,G835LXG,W2621,0,seed
Gaming NB,G835LXG,W2622,0,seed
Gaming NB,G835LXG,W2623,0,seed
Gaming NB,G835LXG,W2624,246,seed
Gaming NB,G835LXG,W2625,379,seed
Gaming NB,G835LXG,W2626,519,seed
Gaming NB,GX651AR,W2601,0,seed
Gaming NB,GX651AR,W2602,0,seed
Gaming NB,GX651AR,W2603,0,seed
Gaming NB,GX651AR,W2604,0,seed
Gaming NB,GX651AR,W2605,0,seed
Gaming NB,GX651AR,W2606,0,seed
Gaming NB,GX651AR,W2607,0,seed
Gaming NB,GX651AR,W2608,0,seed
Gaming NB,GX651AR,W2609,0,seed
Gaming NB,GX651AR,W2610,0,seed
Gaming NB,GX651AR,W2611,0,seed
Gaming NB,GX651AR,W2612,0,seed
Gaming NB,GX651AR,W2613,0,seed
Gaming NB,GX651AR,W2614,0,seed
Gaming NB,GX651AR,W2615,0,seed
Gaming NB,GX651AR,W2616,0,seed
Gaming NB,GX651AR,W2617,0,seed
Gaming NB,GX651AR,W2618,0,seed
Gaming NB,GX651AR,W2619,0,seed
Gaming NB,GX651AR,W2620,0,seed
Gaming NB,GX651AR,W2621,0,seed
Gaming NB,GX651AR,W2622,165,seed
Gaming NB,GX651AR,W2623,206,seed
Gaming NB,GX651AR,W2624,269,seed
Gaming NB,GX651AR,W2625,313,seed
Gaming NB,GX651AR,W2626,358,seed
Gaming NB,GX651AX,W2601,0,seed
Gaming NB,GX651AX,W2602,0,seed
Gaming NB,GX651AX,W2603,0,seed
Gaming NB,GX651AX,W2604,0,seed
Gaming NB,GX651AX,W2605,0,seed
Gaming NB,GX651AX,W2606,0,seed
Gaming NB,GX651AX,W2607,0,seed
Gaming NB,GX651AX,W2608,0,seed
Gaming NB,GX651AX,W2609,0,seed
Gaming NB,GX651AX,W2610,0,seed
Gaming NB,GX651AX,W2611,0,seed
Gaming NB,GX651AX,W2612,0,seed
Gaming NB,GX651AX,W2613,0,seed
Gaming NB,GX651AX,W2614,0,seed
Gaming NB,GX651AX,W2615,0,seed
Gaming NB,GX651AX,W2616,0,seed
Gaming NB,GX651AX,W2617,0,seed
Gaming NB,GX651AX,W2618,0,seed
Gaming NB,GX651AX,W2619,0,seed
Gaming NB,GX651AX,W2620,0,seed
Gaming NB,GX651AX,W2621,0,seed
Gaming NB,GX651AX,W2622,0,seed
Gaming NB,GX651AX,W2623,882,seed
Gaming NB,GX651AX,W2624,965,seed
Gaming NB,GX651AX,W2625,1048,seed
Gaming NB,GX651AX,W2626,1134,seed
Gaming NB,GZ302EAC,W2601,0,seed
Gaming NB,GZ302EAC,W2602,0,seed
Gaming NB,GZ302EAC,W2603,0,seed
Gaming NB,GZ302EAC,W2604,0,seed
Gaming NB,GZ302EAC,W2605,0,seed
Gaming NB,GZ302EAC,W2606,0,seed
Gaming NB,GZ302EAC,W2607,0,seed
Gaming NB,GZ302EAC,W2608,0,seed
Gaming NB,GZ302EAC,W2609,0,seed
Gaming NB,GZ302EAC,W2610,0,seed
Gaming NB,GZ302EAC,W2611,0,seed
Gaming NB,GZ302EAC,W2612,0,seed
Gaming NB,GZ302EAC,W2613,1105,seed
Gaming NB,GZ302EAC,W2614,1239,seed
Gaming NB,GZ302EAC,W2615,1360,seed
Gaming NB,GZ302EAC,W2616,1450,seed
Gaming NB,GZ302EAC,W2617,1539,seed
Gaming NB,GZ302EAC,W2618,1596,seed
Gaming NB,GZ302EAC,W2619,1656,seed
Gaming NB,GZ302EAC,W2620,1705,seed
Gaming NB,GZ302EAC,W2621,1787,seed
Gaming NB,GZ302EAC,W2622,1835,seed
Gaming NB,GZ302EAC,W2623,1910,seed
Gaming NB,GZ302EAC,W2624,1970,seed
Gaming NB,GZ302EAC,W2625,2010,seed
Gaming NB,GZ302EAC,W2626,2063,seed
